row_index,tweet_clean,raw_response_json
0,"Sell AMOUNT_41,000 worth of TICKER_AAPL for 1,000 more shares of TICKER_NIO","{""id"": ""chatcmpl-DGjdIzHmD0jn5ZL8rL7m4MYlTRZou"", ""choices"": [{""finish_reason"": ""length"", ""index"": 0, ""logprobs"": null, ""message"": {""content"": """", ""refusal"": null, ""role"": ""assistant"", ""annotations"": [], ""audio"": null, ""function_call"": null, ""tool_calls"": null}}], ""created"": 1772881032, ""model"": ""gpt-5-nano-2025-08-07"", ""object"": ""chat.completion"", ""service_tier"": ""default"", ""system_fingerprint"": null, ""usage"": {""completion_tokens"": 20, ""prompt_tokens"": 61, ""total_tokens"": 81, ""completion_tokens_details"": {""accepted_prediction_tokens"": 0, ""audio_tokens"": 0, ""reasoning_tokens"": 20, ""rejected_prediction_tokens"": 0}, ""prompt_tokens_details"": {""audio_tokens"": 0, ""cached_tokens"": 0}}}"
1,"TICKER_AAPL CFO, Luca Maestri, filed Form 144 paperwork with the SEC to sell 96,735 shares, worth an estimated AMOUNT_16.9 million.","{""id"": ""chatcmpl-DGjdIn2e7KHZVgSdEZpSQBDnMVCmk"", ""choices"": [{""finish_reason"": ""length"", ""index"": 0, ""logprobs"": null, ""message"": {""content"": """", ""refusal"": null, ""role"": ""assistant"", ""annotations"": [], ""audio"": null, ""function_call"": null, ""tool_calls"": null}}], ""created"": 1772881032, ""model"": ""gpt-5-nano-2025-08-07"", ""object"": ""chat.completion"", ""service_tier"": ""default"", ""system_fingerprint"": null, ""usage"": {""completion_tokens"": 20, ""prompt_tokens"": 73, ""total_tokens"": 93, ""completion_tokens_details"": {""accepted_prediction_tokens"": 0, ""audio_tokens"": 0, ""reasoning_tokens"": 20, ""rejected_prediction_tokens"": 0}, ""prompt_tokens_details"": {""audio_tokens"": 0, ""cached_tokens"": 0}}}"
2,TICKER_AAPL they re gonna say the news is fake and then it s gonna pump again lol,"{""id"": ""chatcmpl-DGjdKAojDHmTX2GMbTmilIhceKk9T"", ""choices"": [{""finish_reason"": ""length"", ""index"": 0, ""logprobs"": null, ""message"": {""content"": """", ""refusal"": null, ""role"": ""assistant"", ""annotations"": [], ""audio"": null, ""function_call"": null, ""tool_calls"": null}}], ""created"": 1772881034, ""model"": ""gpt-5-nano-2025-08-07"", ""object"": ""chat.completion"", ""service_tier"": ""default"", ""system_fingerprint"": null, ""usage"": {""completion_tokens"": 20, ""prompt_tokens"": 55, ""total_tokens"": 75, ""completion_tokens_details"": {""accepted_prediction_tokens"": 0, ""audio_tokens"": 0, ""reasoning_tokens"": 20, ""rejected_prediction_tokens"": 0}, ""prompt_tokens_details"": {""audio_tokens"": 0, ""cached_tokens"": 0}}}"
3,"We don t bet against TICKER_AAPL. It s the one stock I will never short, no matter which direction the wind is blowing.","{""id"": ""chatcmpl-DGjdLbA7i9oqSDdRtNNbjqrQKNJhf"", ""choices"": [{""finish_reason"": ""length"", ""index"": 0, ""logprobs"": null, ""message"": {""content"": """", ""refusal"": null, ""role"": ""assistant"", ""annotations"": [], ""audio"": null, ""function_call"": null, ""tool_calls"": null}}], ""created"": 1772881035, ""model"": ""gpt-5-nano-2025-08-07"", ""object"": ""chat.completion"", ""service_tier"": ""default"", ""system_fingerprint"": null, ""usage"": {""completion_tokens"": 20, ""prompt_tokens"": 64, ""total_tokens"": 84, ""completion_tokens_details"": {""accepted_prediction_tokens"": 0, ""audio_tokens"": 0, ""reasoning_tokens"": 20, ""rejected_prediction_tokens"": 0}, ""prompt_tokens_details"": {""audio_tokens"": 0, ""cached_tokens"": 0}}}"
4,"My wife IRA up more than 100percent YTD I keep her portfolio very simple 40percent TICKER_TSLA commons 40percent TICKER_NVDA commons 10percent TICKER_AAPL leaps 10percent TICKER_AMD leaps I should adjust my IRA same, forget growth stocks","{""id"": ""chatcmpl-DGjdLOrkrlN0aqOLS9gkVBG1Xz0cj"", ""choices"": [{""finish_reason"": ""length"", ""index"": 0, ""logprobs"": null, ""message"": {""content"": """", ""refusal"": null, ""role"": ""assistant"", ""annotations"": [], ""audio"": null, ""function_call"": null, ""tool_calls"": null}}], ""created"": 1772881035, ""model"": ""gpt-5-nano-2025-08-07"", ""object"": ""chat.completion"", ""service_tier"": ""default"", ""system_fingerprint"": null, ""usage"": {""completion_tokens"": 20, ""prompt_tokens"": 97, ""total_tokens"": 117, ""completion_tokens_details"": {""accepted_prediction_tokens"": 0, ""audio_tokens"": 0, ""reasoning_tokens"": 20, ""rejected_prediction_tokens"": 0}, ""prompt_tokens_details"": {""audio_tokens"": 0, ""cached_tokens"": 0}}}"
5,Elon Musk says there have been some promising conversations with TICKER_AAPL about Starlink connectivity,"{""id"": ""chatcmpl-DGjdNdBdWX2y4K2AOsy2UzsfzgTtk"", ""choices"": [{""finish_reason"": ""length"", ""index"": 0, ""logprobs"": null, ""message"": {""content"": """", ""refusal"": null, ""role"": ""assistant"", ""annotations"": [], ""audio"": null, ""function_call"": null, ""tool_calls"": null}}], ""created"": 1772881037, ""model"": ""gpt-5-nano-2025-08-07"", ""object"": ""chat.completion"", ""service_tier"": ""default"", ""system_fingerprint"": null, ""usage"": {""completion_tokens"": 20, ""prompt_tokens"": 54, ""total_tokens"": 74, ""completion_tokens_details"": {""accepted_prediction_tokens"": 0, ""audio_tokens"": 0, ""reasoning_tokens"": 20, ""rejected_prediction_tokens"": 0}, ""prompt_tokens_details"": {""audio_tokens"": 0, ""cached_tokens"": 0}}}"
6,TW FocusList TICKER_AAPL Calls 140.67 Puts 133.7 TICKER_ABBV Calls 156.89 Puts 150.52 TICKER_AMZN Calls 110.99 Puts 101.26 TICKER_SHOP Calls 33.34 Puts 29.76 Good luck traders!,"{""id"": ""chatcmpl-DGjdNmfpyWWBzmb3n0asT7DwQA1DI"", ""choices"": [{""finish_reason"": ""length"", ""index"": 0, ""logprobs"": null, ""message"": {""content"": """", ""refusal"": null, ""role"": ""assistant"", ""annotations"": [], ""audio"": null, ""function_call"": null, ""tool_calls"": null}}], ""created"": 1772881037, ""model"": ""gpt-5-nano-2025-08-07"", ""object"": ""chat.completion"", ""service_tier"": ""default"", ""system_fingerprint"": null, ""usage"": {""completion_tokens"": 20, ""prompt_tokens"": 105, ""total_tokens"": 125, ""completion_tokens_details"": {""accepted_prediction_tokens"": 0, ""audio_tokens"": 0, ""reasoning_tokens"": 20, ""rejected_prediction_tokens"": 0}, ""prompt_tokens_details"": {""audio_tokens"": 0, ""cached_tokens"": 0}}}"
7,"BearMarket rallies avg gain in 43 bear markets 10percent since 1929 17.2percent, avg duration 39 trading days; this one 17.4percent in 41 days; textbook. Bear rips always narrow , of 17.4percent gain in S P500 just 4 stocks AAPL, MSFT, AMZN, TSLA contributed 30percent of gain. BofA","{""id"": ""chatcmpl-DGjdOu4uoFyD2WPF9cyp0hwQTzOfP"", ""choices"": [{""finish_reason"": ""length"", ""index"": 0, ""logprobs"": null, ""message"": {""content"": """", ""refusal"": null, ""role"": ""assistant"", ""annotations"": [], ""audio"": null, ""function_call"": null, ""tool_calls"": null}}], ""created"": 1772881038, ""model"": ""gpt-5-nano-2025-08-07"", ""object"": ""chat.completion"", ""service_tier"": ""default"", ""system_fingerprint"": null, ""usage"": {""completion_tokens"": 20, ""prompt_tokens"": 120, ""total_tokens"": 140, ""completion_tokens_details"": {""accepted_prediction_tokens"": 0, ""audio_tokens"": 0, ""reasoning_tokens"": 20, ""rejected_prediction_tokens"": 0}, ""prompt_tokens_details"": {""audio_tokens"": 0, ""cached_tokens"": 0}}}"
8,Apple TICKER_AAPL is back over AMOUNT_170,"{""id"": ""chatcmpl-DGjdQQ844sulEhzTErU2XBv8vqQ1y"", ""choices"": [{""finish_reason"": ""length"", ""index"": 0, ""logprobs"": null, ""message"": {""content"": """", ""refusal"": null, ""role"": ""assistant"", ""annotations"": [], ""audio"": null, ""function_call"": null, ""tool_calls"": null}}], ""created"": 1772881040, ""model"": ""gpt-5-nano-2025-08-07"", ""object"": ""chat.completion"", ""service_tier"": ""default"", ""system_fingerprint"": null, ""usage"": {""completion_tokens"": 20, ""prompt_tokens"": 47, ""total_tokens"": 67, ""completion_tokens_details"": {""accepted_prediction_tokens"": 0, ""audio_tokens"": 0, ""reasoning_tokens"": 20, ""rejected_prediction_tokens"": 0}, ""prompt_tokens_details"": {""audio_tokens"": 0, ""cached_tokens"": 0}}}"
9,AMOUNT_15 To AMOUNT_10K Challenge Play TICKER_AAPL AMOUNT_152.5 Calls Entry .29 1 Con,"{""id"": ""chatcmpl-DGjdQeEwYdSNI0fZtNqXraRrtEELO"", ""choices"": [{""finish_reason"": ""length"", ""index"": 0, ""logprobs"": null, ""message"": {""content"": """", ""refusal"": null, ""role"": ""assistant"", ""annotations"": [], ""audio"": null, ""function_call"": null, ""tool_calls"": null}}], ""created"": 1772881040, ""model"": ""gpt-5-nano-2025-08-07"", ""object"": ""chat.completion"", ""service_tier"": ""default"", ""system_fingerprint"": null, ""usage"": {""completion_tokens"": 20, ""prompt_tokens"": 64, ""total_tokens"": 84, ""completion_tokens_details"": {""accepted_prediction_tokens"": 0, ""audio_tokens"": 0, ""reasoning_tokens"": 20, ""rejected_prediction_tokens"": 0}, ""prompt_tokens_details"": {""audio_tokens"": 0, ""cached_tokens"": 0}}}"
